<!-- osd items allow to position display and control items directly on top of the map: -->
<osd enabled="yes" type="eta"/> 
<osd enabled="yes" type="navigation_distance_to_target"/> 
<osd enabled="yes" type="navigation"/> 
<osd enabled="yes" type="navigation_distance_to_next"/> 
<osd enabled="yes" type="navigation_next_turn" x="0" y="-130"/> 

<osd enabled="yes" type="compass" x="-110" y="-60"
	font_size="250" w="60" h="160" background_color="#000000c8"/>
<osd enabled="yes" type="gps_status" x="-50" y="-60"
	w="50" h="40" background_color="#000000c8"/>
<osd enabled="yes" type="text" label="${vehicle.position_sats_signal}/${vehicle.position_qual}" x="-50" y="-20"
	font_size="250" w="50" h="20" align="0" background_color="#000000c8"/>
<osd enabled="yes" type="text" label="${vehicle.position_speed}" x="0" y="-60"
	font_size="400" w="110" h="60" align="4" background_color="#000000c8"/>
<osd enabled="yes" type="text" label="ETA: ${navigation.item.destination_time[arrival]}" x="110" y="-30"
	font_size="300" w="170" h="30" align="4" background_color="#000000c8"/>
<osd enabled="yes" type="text" label="${navigation.item.destination_length[named]}" x="280" y="-30"
	font_size="300" w="170" h="30" align="4" background_color="#000000c8"/>
<osd enabled="yes" type="text" label="${navigation.item.destination_time[remaining]}" x="450" y="-30"
	font_size="300" w="240" h="30" align="4" background_color="#000000c8"/>
<osd enabled="yes" type="text" label="In ${navigation.item[1].length[named]} " x="0" y="0"
	font_size="500" w="245" h="40" align="4" background_color="#000000c8"/>
<osd enabled="yes" type="navigation_next_turn" x="245" y="0"
	font_size="500" w="60" h="40" background_color="#000000c8" icon_src="$NAVIT_SHAREDIR/xpm/%s_wh_48_48.png" />
<osd enabled="yes" type="text" label="Onto ${navigation.item[1].street_name}" x="305" y="0"
	font_size="500" w="495" h="40" align="4" background_color="#000000c8"/>
<osd enabled="yes" type="text" label="${navigation.item.street_name}" x="110" y="-60"
	font_size="500" w="580" h="30" align="0" background_color="#000000c8"/>

<!-- Commands include gui_internal_menu, gui_internal_fullscreen, zoom_in and zoom_out.
	Usage of negative values change the button origins. x="0" y="0" specifies the top left, x="-0" y="-0" the bottom right corner.
	It's always the top left corner of the icon, so you need to consider the icon's size when you enter the values. -->
<osd enabled="yes" type="button" x="-60" y="50" command="zoom_in()" src="gui_zoom_in.png"/>
<osd enabled="yes" type="button" x="-70" y="130" command="gui.menu()" src="gui_menu.png"/>
<osd enabled="yes" type="button" x="-60" y="220" command="gui.fullscreen=!gui.fullscreen" src="gui_fullscreen.png"/>
<osd enabled="yes" type="button" x="-60" y="-120" command="zoom_out()" src="gui_zoom_out.png"/> 

